{
  "version": 1,
  "author": "marley rozo",
  "editor": "wokwi",
  "parts": [
    { "type": "wokwi-arduino-uno", "id": "uno", "top": 173.4, "left": 181.8, "attrs": {} },
    { "type": "wokwi-lcd1602", "id": "lcd1", "top": -111.77, "left": 169.6, "attrs": {} },
    { "type": "wokwi-potentiometer", "id": "pot1", "top": -39.7, "left": 76.6, "attrs": {} },
    {
      "type": "wokwi-resistor",
      "id": "r1",
      "top": 51.95,
      "left": 355.2,
      "attrs": { "value": "1000" }
    },
    { "type": "wokwi-hc-sr04", "id": "ultrasonic1", "top": -84.9, "left": 552.7, "attrs": {} },
    {
      "type": "wokwi-pushbutton",
      "id": "btn1",
      "top": 255.8,
      "left": 528,
      "attrs": { "color": "green" }
    },
    { "type": "wokwi-slide-switch", "id": "sw1", "top": 71.6, "left": 473.5, "attrs": {} },
    { "type": "wokwi-ks2e-m-dc5", "id": "relay1", "top": 263.7, "left": 676.1, "attrs": {} },
    {
      "type": "wokwi-resistor",
      "id": "r2",
      "top": 224.75,
      "left": 816,
      "attrs": { "value": "1000" }
    },
    { "type": "wokwi-led", "id": "led1", "top": 150, "left": 762.2, "attrs": { "color": "red" } }
  ],
  "connections": [
    [ "uno:GND.1", "lcd1:VSS", "black", [ "h0.3", "v-86.4", "h-76.8" ] ],
    [ "uno:5V", "lcd1:VDD", "red", [ "v47.9", "h-217", "v-355.2", "h86.3" ] ],
    [ "pot1:GND", "lcd1:VSS", "black", [ "v19.2", "h96" ] ],
    [ "pot1:SIG", "lcd1:V0", "green", [ "v38.4", "h105.5" ] ],
    [ "pot1:VCC", "lcd1:VDD", "red", [ "v9.6", "h85.5" ] ],
    [ "lcd1:RS", "uno:2", "green", [ "v48", "h188.2" ] ],
    [ "lcd1:D4", "uno:4", "orange", [ "v67.2", "h101.7" ] ],
    [ "lcd1:D5", "uno:5", "blue", [ "v86.4", "h82.7" ] ],
    [ "lcd1:D6", "uno:6", "green", [ "v96", "h63.7" ] ],
    [ "lcd1:D7", "uno:7", "green", [ "v105.6", "h44.7" ] ],
    [ "lcd1:A", "r1:1", "green", [ "v0" ] ],
    [ "r1:2", "lcd1:VDD", "red", [ "h18", "v-9.6", "h-220.9" ] ],
    [ "lcd1:K", "lcd1:VSS", "black", [ "v19.2", "h-144" ] ],
    [ "ultrasonic1:VCC", "uno:5V", "red", [ "v403.2", "h-282.2" ] ],
    [ "ultrasonic1:TRIG", "uno:8", "purple", [ "v144", "h-279.2" ] ],
    [ "ultrasonic1:ECHO", "uno:9", "gray", [ "v124.8", "h-299.2" ] ],
    [ "ultrasonic1:GND", "uno:GND.3", "black", [ "v384", "h-293.2" ] ],
    [ "btn1:2.l", "uno:GND.3", "black", [ "h-9.6", "v96.2", "h-138.4" ] ],
    [ "btn1:1.r", "uno:10", "white", [ "v-105.6", "h-240.5" ] ],
    [ "sw1:1", "uno:11", "gold", [ "v38.4", "h-192.6" ] ],
    [ "sw1:2", "uno:GND.3", "black", [ "v297.6", "h-128.7" ] ],
    [ "relay1:COIL1", "uno:GND.3", "black", [ "v126", "h-389.3" ] ],
    [ "relay1:COIL2", "uno:12", "yellow", [ "v-134.4", "h-433.8" ] ],
    [ "uno:5V", "relay1:P1", "red", [ "v47.9", "h379.3" ] ],
    [ "led1:A", "r2:1", "red", [ "v0" ] ],
    [ "r2:2", "relay1:NC1", "red", [ "v105.6", "h-173.7" ] ],
    [ "led1:C", "relay1:COIL1", "black", [ "v105.6", "h-28.4" ] ],
    [ "lcd1:E", "uno:3", "#8f4814", [ "v115.2", "h159.2" ] ],
    [ "lcd1:RW", "lcd1:VSS", "black", [ "v0" ] ]
  ],
  "dependencies": {}
}